ID,pred_model
1,Model_K
2,Model_B
3,Model_K
4,Model_H
5,Model_K
6,Model_K
7,Model_H
8,Model_K
9,Model_K
10,Model_B
11,Model_B
12,Model_B
13,Model_H
14,Model_H
15,Model_K
16,Model_K
17,Model_K
18,Model_K
19,Model_H
20,Model_K
21,Model_K
22,Model_H
23,Model_K
24,Model_H
25,Model_K
26,Model_K
27,Model_K
28,Model_K
29,Model_K
30,Model_K
31,Model_H
32,Model_K
33,Model_H
34,Model_K
35,Model_K
36,Model_K
37,Model_K
38,Model_K
39,Model_K
40,Model_K
41,Model_K
42,Model_K
43,Model_K
44,Model_K
45,Model_K
46,Model_H
47,Model_K
48,Model_K
49,Model_K
50,Model_K
51,Model_K
52,Model_K
53,Model_K
54,Model_K
55,Model_K
56,Model_K
57,Model_K
58,Model_K
59,Model_K
60,Model_K
61,Model_K
62,Model_K
63,Model_K
64,Model_K
65,Model_K
66,Model_K
67,Model_K
68,Model_K
69,Model_K
70,Model_K
71,Model_K
72,Model_K
73,Model_K
74,Model_K
75,Model_K
76,Model_H
77,Model_K
78,Model_H
79,Model_K
80,Model_K
81,Model_H
82,Model_K
83,Model_K
84,Model_K
85,Model_K
86,Model_K
87,Model_K
88,Model_K
89,Model_K
90,Model_K
91,Model_K
92,Model_K
93,Model_K
94,Model_K
95,Model_K
96,Model_J
97,Model_K
98,Model_K
99,Model_K
100,Model_K
101,Model_K
102,Model_K
103,Model_K
104,Model_K
105,Model_F
106,Model_K
107,Model_F
108,Model_D
109,Model_J
110,Model_K
111,Model_K
112,Model_K
113,Model_K
114,Model_F
115,Model_K
116,Model_J
117,Model_K
118,Model_K
119,Model_J
120,Model_K
121,Model_J
122,Model_K
123,Model_B
124,Model_K
125,Model_H
126,Model_K
127,Model_K
128,Model_K
129,Model_F
130,Model_K
131,Model_H
132,Model_K
133,Model_K
134,Model_K
135,Model_H
136,Model_I
137,Model_C
138,Model_J
139,Model_K
140,Model_H
141,Model_J
142,Model_K
143,Model_I
144,Model_H
145,Model_K
146,Model_K
147,Model_K
148,Model_F
149,Model_K
150,Model_J
151,Model_K
152,Model_J
153,Model_J
154,Model_B
155,Model_J
156,Model_H
157,Model_K
158,Model_H
159,Model_H
160,Model_K
161,Model_F
162,Model_H
163,Model_K
164,Model_J
165,Model_D
166,Model_K
167,Model_K
168,Model_D
169,Model_K
170,Model_K
171,Model_K
172,Model_K
173,Model_K
174,Model_B
175,Model_B
176,Model_H
177,Model_K
178,Model_K
179,Model_I
180,Model_K
181,Model_K
182,Model_K
183,Model_K
184,Model_F
185,Model_H
186,Model_K
187,Model_K
188,Model_F
189,Model_K
190,Model_K
191,Model_D
192,Model_K
193,Model_K
194,Model_K
195,Model_K
196,Model_J
197,Model_K
198,Model_K
199,Model_H
200,Model_F
201,Model_F
202,Model_F
203,Model_K
204,Model_D
205,Model_K
206,Model_G
207,Model_K
208,Model_B
209,Model_D
210,Model_J
211,Model_G
212,Model_D
213,Model_K
214,Model_D
215,Model_K
216,Model_J
217,Model_B
218,Model_D
219,Model_K
220,Model_J
221,Model_K
222,Model_J
223,Model_H
224,Model_K
225,Model_B
226,Model_D
227,Model_K
228,Model_F
229,Model_H
230,Model_D
231,Model_D
232,Model_K
233,Model_D
234,Model_D
235,Model_H
236,Model_H
237,Model_K
238,Model_H
239,Model_K
240,Model_J
241,Model_J
242,Model_K
243,Model_B
244,Model_J
245,Model_D
246,Model_K
247,Model_K
248,Model_B
249,Model_K
250,Model_K
251,Model_D
252,Model_K
253,Model_B
254,Model_D
255,Model_K
256,Model_B
257,Model_B
258,Model_K
259,Model_K
260,Model_B
261,Model_J
262,Model_H
263,Model_H
264,Model_H
265,Model_B
266,Model_H
267,Model_D
268,Model_B
269,Model_B
270,Model_H
271,Model_D
272,Model_D
273,Model_K
274,Model_H
275,Model_H
276,Model_B
277,Model_K
278,Model_K
279,Model_H
280,Model_K
281,Model_B
282,Model_B
283,Model_B
284,Model_D
285,Model_B
286,Model_H
287,Model_D
288,Model_K
289,Model_K
290,Model_K
291,Model_J
292,Model_J
293,Model_D
294,Model_H
295,Model_K
296,Model_D
297,Model_J
298,Model_H
299,Model_B
300,Model_I
301,Model_H
302,Model_K
303,Model_K
304,Model_I
305,Model_K
306,Model_H
307,Model_D
308,Model_K
309,Model_I
310,Model_I
311,Model_G
312,Model_K
313,Model_K
314,Model_D
315,Model_K
316,Model_G
317,Model_D
318,Model_K
319,Model_H
320,Model_J
321,Model_B
322,Model_H
323,Model_K
324,Model_H
325,Model_H
326,Model_K
327,Model_H
328,Model_H
329,Model_B
330,Model_K
331,Model_K
332,Model_B
333,Model_H
334,Model_D
335,Model_H
336,Model_H
337,Model_J
338,Model_D
339,Model_D
340,Model_H
341,Model_D
342,Model_I
343,Model_B
344,Model_D
345,Model_K
346,Model_I
347,Model_K
348,Model_K
349,Model_K
350,Model_J
351,Model_D
352,Model_H
353,Model_B
354,Model_K
355,Model_K
356,Model_H
357,Model_J
358,Model_I
359,Model_K
360,Model_K
361,Model_I
362,Model_B
363,Model_C
364,Model_H
365,Model_H
366,Model_K
367,Model_K
368,Model_H
369,Model_B
370,Model_K
371,Model_B
372,Model_K
373,Model_H
374,Model_J
375,Model_B
376,Model_I
377,Model_B
378,Model_H
379,Model_K
380,Model_F
381,Model_J
382,Model_K
383,Model_H
384,Model_K
385,Model_K
386,Model_K
387,Model_G
388,Model_H
389,Model_K
390,Model_D
391,Model_D
392,Model_J
393,Model_D
394,Model_D
395,Model_D
396,Model_G
397,Model_K
398,Model_B
399,Model_K
400,Model_D
401,Model_K
402,Model_H
403,Model_H
404,Model_H
405,Model_K
406,Model_H
407,Model_B
408,Model_I
409,Model_K
410,Model_D
411,Model_H
412,Model_B
413,Model_F
414,Model_D
415,Model_D
416,Model_I
417,Model_K
418,Model_J
419,Model_D
420,Model_F
421,Model_H
422,Model_D
423,Model_K
424,Model_K
425,Model_B
426,Model_K
427,Model_D
428,Model_K
429,Model_K
430,Model_I
431,Model_G
432,Model_K
433,Model_I
434,Model_K
435,Model_K
436,Model_K
437,Model_K
438,Model_K
439,Model_H
440,Model_K
441,Model_D
442,Model_B
443,Model_H
444,Model_H
445,Model_K
446,Model_B
447,Model_K
448,Model_H
449,Model_J
450,Model_K
451,Model_K
452,Model_K
453,Model_C
454,Model_H
455,Model_K
456,Model_D
457,Model_K
458,Model_K
459,Model_H
460,Model_H
461,Model_H
462,Model_H
463,Model_H
464,Model_H
465,Model_H
466,Model_K
467,Model_J
468,Model_I
469,Model_B
470,Model_I
471,Model_D
472,Model_D
473,Model_D
474,Model_I
475,Model_D
476,Model_I
477,Model_K
478,Model_H
479,Model_K
480,Model_H
481,Model_H
482,Model_H
483,Model_K
484,Model_H
485,Model_J
486,Model_D
487,Model_D
488,Model_D
489,Model_D
490,Model_D
491,Model_B
492,Model_I
493,Model_K
494,Model_H
495,Model_K
496,Model_K
497,Model_H
498,Model_H
499,Model_H
500,Model_K
501,Model_I
502,Model_K
503,Model_B
504,Model_J
505,Model_I
506,Model_K
507,Model_J
508,Model_K
509,Model_K
510,Model_K
511,Model_D
512,Model_B
513,Model_K
514,Model_K
515,Model_K
516,Model_B
517,Model_H
518,Model_H
519,Model_J
520,Model_K
521,Model_B
522,Model_K
523,Model_J
524,Model_K
525,Model_D
526,Model_K
527,Model_K
528,Model_C
529,Model_D
530,Model_K
531,Model_K
532,Model_I
533,Model_B
534,Model_K
535,Model_K
536,Model_K
537,Model_J
538,Model_K
539,Model_K
540,Model_K
541,Model_B
542,Model_J
543,Model_H
544,Model_K
545,Model_H
546,Model_I
547,Model_D
548,Model_K
549,Model_K
550,Model_K
551,Model_D
552,Model_D
553,Model_B
554,Model_J
555,Model_H
556,Model_K
557,Model_K
558,Model_K
559,Model_I
560,Model_I
561,Model_H
562,Model_B
563,Model_K
564,Model_H
565,Model_K
566,Model_H
567,Model_K
568,Model_I
569,Model_H
570,Model_H
571,Model_F
572,Model_B
573,Model_J
574,Model_K
575,Model_D
576,Model_B
577,Model_H
578,Model_K
579,Model_F
580,Model_K
581,Model_I
582,Model_H
583,Model_B
584,Model_B
585,Model_D
586,Model_H
587,Model_K
588,Model_K
589,Model_H
590,Model_J
591,Model_I
592,Model_K
593,Model_I
594,Model_K
595,Model_D
596,Model_I
597,Model_D
598,Model_H
599,Model_D
600,Model_H
601,Model_I
602,Model_J
603,Model_K
604,Model_B
605,Model_K
606,Model_J
607,Model_D
608,Model_K
609,Model_B
610,Model_D
611,Model_J
612,Model_I
613,Model_K
614,Model_D
615,Model_J
616,Model_C
617,Model_G
618,Model_H
619,Model_H
620,Model_J
621,Model_J
622,Model_K
623,Model_H
624,Model_K
625,Model_K
626,Model_K
627,Model_H
628,Model_H
629,Model_K
630,Model_D
631,Model_K
632,Model_K
633,Model_K
634,Model_K
635,Model_F
636,Model_K
637,Model_A
638,Model_J
639,Model_K
640,Model_H
641,Model_H
642,Model_K
643,Model_K
644,Model_K
645,Model_H
646,Model_B
647,Model_D
648,Model_K
649,Model_H
650,Model_H
651,Model_H
652,Model_K
653,Model_K
654,Model_H
655,Model_K
656,Model_H
657,Model_J
658,Model_K
659,Model_K
660,Model_K
661,Model_H
662,Model_D
663,Model_F
664,Model_B
665,Model_D
666,Model_K
667,Model_K
668,Model_K
669,Model_K
670,Model_K
671,Model_D
672,Model_K
673,Model_K
674,Model_G
675,Model_I
676,Model_K
677,Model_J
678,Model_I
679,Model_H
680,Model_D
681,Model_H
682,Model_I
683,Model_K
684,Model_K
685,Model_K
686,Model_H
687,Model_K
688,Model_H
689,Model_B
690,Model_K
691,Model_H
692,Model_H
693,Model_I
694,Model_D
695,Model_B
696,Model_H
697,Model_K
698,Model_K
699,Model_D
700,Model_H
701,Model_K
702,Model_E
703,Model_D
704,Model_K
705,Model_K
706,Model_H
707,Model_K
708,Model_H
709,Model_H
710,Model_H
711,Model_K
712,Model_B
713,Model_K
714,Model_B
715,Model_B
716,Model_K
717,Model_H
718,Model_B
719,Model_H
720,Model_K
721,Model_D
722,Model_K
723,Model_B
724,Model_B
725,Model_H
726,Model_H
727,Model_J
728,Model_H
729,Model_B
730,Model_H
731,Model_B
732,Model_B
733,Model_H
734,Model_K
735,Model_H
736,Model_H
737,Model_B
738,Model_K
739,Model_H
740,Model_H
741,Model_H
742,Model_B
743,Model_K
744,Model_H
745,Model_H
746,Model_B
747,Model_H
748,Model_B
749,Model_H
750,Model_B
751,Model_H
752,Model_H
753,Model_H
754,Model_B
755,Model_K
756,Model_K
757,Model_H
758,Model_H
759,Model_H
760,Model_H
761,Model_B
762,Model_H
763,Model_J
764,Model_H
765,Model_H
766,Model_B
767,Model_H
768,Model_H
769,Model_H
770,Model_H
771,Model_C
772,Model_H
773,Model_H
774,Model_H
775,Model_B
776,Model_H
777,Model_H
778,Model_H
779,Model_B
780,Model_B
781,Model_H
782,Model_B
783,Model_H
784,Model_H
785,Model_H
786,Model_H
787,Model_B
788,Model_B
789,Model_H
790,Model_B
791,Model_H
792,Model_K
793,Model_B
794,Model_B
795,Model_H
796,Model_B
797,Model_H
798,Model_D
799,Model_H
800,Model_J
801,Model_B
802,Model_B
803,Model_H
804,Model_B
805,Model_H
806,Model_B
807,Model_B
808,Model_H
809,Model_K
810,Model_B
811,Model_H
812,Model_H
813,Model_B
814,Model_D
815,Model_H
816,Model_H
817,Model_H
818,Model_H
819,Model_H
820,Model_B
821,Model_H
822,Model_B
823,Model_H
824,Model_B
825,Model_H
826,Model_B
827,Model_H
828,Model_K
829,Model_B
830,Model_H
831,Model_B
832,Model_H
833,Model_H
834,Model_B
835,Model_H
836,Model_K
837,Model_H
838,Model_K
839,Model_H
840,Model_H
841,Model_B
842,Model_H
843,Model_B
844,Model_H
845,Model_K
846,Model_H
847,Model_H
848,Model_K
849,Model_H
850,Model_H
851,Model_H
852,Model_H
853,Model_H
854,Model_D
855,Model_H
856,Model_H
857,Model_B
858,Model_B
859,Model_B
860,Model_B
861,Model_B
862,Model_J
863,Model_C
864,Model_H
865,Model_H
866,Model_H
867,Model_B
868,Model_H
869,Model_C
870,Model_H
871,Model_H
872,Model_B
873,Model_J
874,Model_H
875,Model_B
876,Model_H
877,Model_K
878,Model_H
879,Model_B
880,Model_B
881,Model_C
882,Model_H
883,Model_K
884,Model_H
885,Model_H
886,Model_C
887,Model_B
888,Model_H
889,Model_D
890,Model_B
891,Model_H
892,Model_B
893,Model_H
894,Model_H
895,Model_H
896,Model_H
897,Model_H
898,Model_H
899,Model_B
900,Model_C
901,Model_K
902,Model_B
903,Model_B
904,Model_B
905,Model_H
906,Model_C
907,Model_B
908,Model_H
909,Model_H
910,Model_B
911,Model_B
912,Model_B
913,Model_B
914,Model_B
915,Model_H
916,Model_K
917,Model_B
918,Model_H
919,Model_B
920,Model_H
921,Model_H
922,Model_B
923,Model_H
924,Model_B
925,Model_H
926,Model_K
927,Model_K
928,Model_H
929,Model_K
930,Model_K
931,Model_H
932,Model_H
933,Model_B
934,Model_D
935,Model_H
936,Model_K
937,Model_H
938,Model_H
939,Model_K
940,Model_H
941,Model_H
942,Model_D
943,Model_D
944,Model_D
945,Model_D
946,Model_K
947,Model_D
948,Model_H
949,Model_K
950,Model_C
951,Model_K
952,Model_K
953,Model_H
954,Model_K
955,Model_D
956,Model_K
957,Model_K
958,Model_K
959,Model_K
960,Model_H
961,Model_K
962,Model_J
963,Model_K
964,Model_D
965,Model_H
966,Model_F
967,Model_G
968,Model_H
969,Model_K
970,Model_H
971,Model_K
972,Model_K
973,Model_E
974,Model_H
975,Model_K
976,Model_F
977,Model_K
978,Model_K
979,Model_D
980,Model_K
981,Model_K
982,Model_K
983,Model_D
984,Model_K
985,Model_K
986,Model_H
987,Model_F
988,Model_B
989,Model_K
990,Model_J
991,Model_I
992,Model_H
993,Model_D
994,Model_F
995,Model_K
996,Model_B
997,Model_H
998,Model_K
999,Model_J
1000,Model_K
1001,Model_D
1002,Model_K
1003,Model_K
1004,Model_H
1005,Model_K
1006,Model_K
1007,Model_K
1008,Model_H
1009,Model_A
1010,Model_B
1011,Model_K
1012,Model_H
1013,Model_D
1014,Model_K
1015,Model_H
1016,Model_H
1017,Model_C
1018,Model_F
1019,Model_H
1020,Model_K
1021,Model_B
1022,Model_K
1023,Model_K
1024,Model_G
1025,Model_C
1026,Model_K
1027,Model_H
1028,Model_H
1029,Model_H
1030,Model_K
1031,Model_I
1032,Model_K
1033,Model_K
1034,Model_J
1035,Model_C
1036,Model_K
1037,Model_F
1038,Model_K
1039,Model_H
1040,Model_H
1041,Model_K
1042,Model_D
1043,Model_K
1044,Model_B
1045,Model_D
1046,Model_E
1047,Model_F
1048,Model_H
1049,Model_K
1050,Model_K
1051,Model_D
1052,Model_K
1053,Model_K
1054,Model_H
1055,Model_D
1056,Model_K
1057,Model_J
1058,Model_I
1059,Model_K
1060,Model_B
1061,Model_H
1062,Model_D
1063,Model_K
1064,Model_G
1065,Model_H
1066,Model_B
1067,Model_H
1068,Model_J
1069,Model_H
1070,Model_I
1071,Model_H
1072,Model_K
1073,Model_B
1074,Model_K
1075,Model_K
1076,Model_K
1077,Model_D
1078,Model_G
1079,Model_H
1080,Model_J
1081,Model_J
1082,Model_H
1083,Model_H
1084,Model_H
1085,Model_E
1086,Model_H
1087,Model_K
1088,Model_J
1089,Model_E
1090,Model_K
1091,Model_H
1092,Model_K
1093,Model_I
1094,Model_H
1095,Model_H
1096,Model_H
1097,Model_F
1098,Model_K
1099,Model_B
1100,Model_J
1101,Model_K
1102,Model_H
1103,Model_A
1104,Model_D
1105,Model_H
1106,Model_H
1107,Model_J
1108,Model_G
1109,Model_I
1110,Model_K
1111,Model_K
1112,Model_K
1113,Model_K
1114,Model_K
1115,Model_K
1116,Model_K
1117,Model_J
1118,Model_D
1119,Model_D
1120,Model_H
1121,Model_H
1122,Model_G
1123,Model_K
1124,Model_H
1125,Model_H
1126,Model_J
1127,Model_H
1128,Model_H
1129,Model_K
1130,Model_H
1131,Model_I
1132,Model_C
1133,Model_B
1134,Model_H
1135,Model_H
1136,Model_C
1137,Model_I
1138,Model_B
1139,Model_H
1140,Model_K
1141,Model_B
1142,Model_H
1143,Model_K
1144,Model_H
1145,Model_D
1146,Model_K
1147,Model_H
1148,Model_H
1149,Model_K
1150,Model_K
1151,Model_K
1152,Model_F
1153,Model_I
1154,Model_K
1155,Model_H
1156,Model_H
1157,Model_D
1158,Model_H
1159,Model_K
1160,Model_H
1161,Model_H
1162,Model_I
1163,Model_K
1164,Model_E
1165,Model_K
1166,Model_K
1167,Model_B
1168,Model_H
1169,Model_K
1170,Model_B
1171,Model_H
1172,Model_H
1173,Model_D
1174,Model_H
1175,Model_K
1176,Model_H
1177,Model_B
1178,Model_K
1179,Model_K
1180,Model_H
1181,Model_K
1182,Model_H
1183,Model_J
1184,Model_D
1185,Model_C
1186,Model_J
1187,Model_H
1188,Model_H
1189,Model_D
1190,Model_K
1191,Model_H
1192,Model_K
1193,Model_K
1194,Model_D
1195,Model_F
1196,Model_K
1197,Model_H
1198,Model_H
1199,Model_K
1200,Model_K
1201,Model_K
1202,Model_K
1203,Model_I
1204,Model_D
1205,Model_H
1206,Model_H
1207,Model_B
1208,Model_K
1209,Model_H
1210,Model_H
1211,Model_J
1212,Model_K
1213,Model_F
1214,Model_K
1215,Model_H
1216,Model_K
1217,Model_H
1218,Model_K
1219,Model_K
1220,Model_H
1221,Model_K
1222,Model_K
1223,Model_H
1224,Model_D
1225,Model_D
1226,Model_K
1227,Model_K
1228,Model_H
1229,Model_H
1230,Model_B
1231,Model_K
1232,Model_H
1233,Model_K
1234,Model_J
1235,Model_K
1236,Model_H
1237,Model_H
1238,Model_H
1239,Model_B
1240,Model_K
1241,Model_I
1242,Model_H
1243,Model_K
1244,Model_K
1245,Model_K
1246,Model_H
1247,Model_H
1248,Model_K
1249,Model_J
1250,Model_D
1251,Model_B
1252,Model_K
1253,Model_H
1254,Model_J
1255,Model_H
1256,Model_C
1257,Model_G
1258,Model_H
1259,Model_K
1260,Model_D
1261,Model_H
1262,Model_F
1263,Model_H
1264,Model_I
1265,Model_K
1266,Model_D
1267,Model_C
1268,Model_K
1269,Model_H
1270,Model_H
1271,Model_J
1272,Model_H
1273,Model_K
1274,Model_C
1275,Model_H
1276,Model_H
1277,Model_D
1278,Model_D
1279,Model_K
1280,Model_H
1281,Model_I
1282,Model_I
1283,Model_H
1284,Model_J
1285,Model_D
1286,Model_K
1287,Model_B
1288,Model_A
1289,Model_H
1290,Model_I
1291,Model_F
1292,Model_K
1293,Model_K
1294,Model_K
1295,Model_K
1296,Model_J
1297,Model_H
1298,Model_K
1299,Model_E
1300,Model_K
1301,Model_E
1302,Model_H
1303,Model_D
1304,Model_J
1305,Model_H
1306,Model_A
1307,Model_H
1308,Model_B
1309,Model_K
1310,Model_K
1311,Model_H
1312,Model_A
1313,Model_K
1314,Model_K
1315,Model_J
1316,Model_H
1317,Model_K
1318,Model_E
1319,Model_B
1320,Model_H
1321,Model_K
1322,Model_H
1323,Model_F
1324,Model_A
1325,Model_H
1326,Model_I
1327,Model_D
1328,Model_K
1329,Model_F
1330,Model_K
1331,Model_H
1332,Model_K
1333,Model_H
1334,Model_K
1335,Model_K
1336,Model_K
1337,Model_H
1338,Model_K
1339,Model_G
1340,Model_K
1341,Model_D
1342,Model_K
1343,Model_H
1344,Model_B
1345,Model_F
1346,Model_G
1347,Model_H
1348,Model_K
1349,Model_H
1350,Model_H
1351,Model_H
1352,Model_H
1353,Model_K
1354,Model_H
1355,Model_K
1356,Model_G
1357,Model_K
1358,Model_K
1359,Model_H
1360,Model_J
1361,Model_D
1362,Model_F
1363,Model_H
1364,Model_H
1365,Model_H
1366,Model_H
1367,Model_K
1368,Model_H
1369,Model_F
1370,Model_K
1371,Model_H
1372,Model_B
1373,Model_K
1374,Model_K
1375,Model_B
1376,Model_K
1377,Model_K
1378,Model_A
1379,Model_H
1380,Model_E
1381,Model_K
1382,Model_K
1383,Model_B
1384,Model_K
1385,Model_K
1386,Model_H
1387,Model_D
1388,Model_H
1389,Model_K
1390,Model_H
1391,Model_H
1392,Model_K
1393,Model_F
1394,Model_H
1395,Model_K
1396,Model_K
1397,Model_D
1398,Model_K
1399,Model_E
1400,Model_K
1401,Model_J
1402,Model_D
1403,Model_F
1404,Model_J
1405,Model_H
1406,Model_K
1407,Model_H
1408,Model_H
1409,Model_K
1410,Model_K
1411,Model_H
1412,Model_D
1413,Model_K
1414,Model_K
1415,Model_K
1416,Model_H
1417,Model_I
1418,Model_K
1419,Model_C
1420,Model_H
1421,Model_F
1422,Model_H
1423,Model_I
1424,Model_D
1425,Model_H
1426,Model_B
1427,Model_D
1428,Model_B
1429,Model_G
1430,Model_H
1431,Model_H
1432,Model_H
1433,Model_D
1434,Model_H
1435,Model_K
1436,Model_D
1437,Model_H
1438,Model_H
1439,Model_H
1440,Model_E
1441,Model_K
1442,Model_K
1443,Model_B
1444,Model_K
1445,Model_K
1446,Model_H
1447,Model_G
1448,Model_H
1449,Model_H
1450,Model_H
1451,Model_H
1452,Model_K
1453,Model_H
1454,Model_K
1455,Model_H
1456,Model_H
1457,Model_K
1458,Model_K
1459,Model_H
1460,Model_K
1461,Model_K
1462,Model_J
1463,Model_J
1464,Model_E
1465,Model_K
1466,Model_K
1467,Model_H
1468,Model_K
1469,Model_J
1470,Model_B
1471,Model_H
1472,Model_K
1473,Model_H
1474,Model_H
1475,Model_H
1476,Model_H
1477,Model_B
1478,Model_K
1479,Model_F
1480,Model_H
1481,Model_D
1482,Model_D
1483,Model_H
1484,Model_H
1485,Model_F
1486,Model_D
1487,Model_D
1488,Model_K
1489,Model_H
1490,Model_B
1491,Model_K
1492,Model_K
1493,Model_K
1494,Model_D
1495,Model_B
1496,Model_K
1497,Model_G
1498,Model_H
1499,Model_K
1500,Model_K
1501,Model_D
1502,Model_F
1503,Model_H
1504,Model_H
1505,Model_F
1506,Model_K
1507,Model_K
1508,Model_B
1509,Model_H
1510,Model_H
1511,Model_K
1512,Model_H
1513,Model_H
1514,Model_H
1515,Model_I
1516,Model_H
1517,Model_H
1518,Model_G
1519,Model_K
1520,Model_F
1521,Model_K
1522,Model_K
1523,Model_K
1524,Model_A
1525,Model_H
1526,Model_H
1527,Model_B
1528,Model_K
1529,Model_B
1530,Model_H
1531,Model_D
1532,Model_K
1533,Model_K
1534,Model_J
1535,Model_K
1536,Model_B
1537,Model_D
1538,Model_H
1539,Model_A
1540,Model_H
1541,Model_H
1542,Model_H
1543,Model_B
1544,Model_E
1545,Model_D
1546,Model_H
1547,Model_D
1548,Model_J
1549,Model_D
1550,Model_H
1551,Model_K
1552,Model_F
1553,Model_K
1554,Model_K
1555,Model_F
1556,Model_K
1557,Model_K
1558,Model_K
1559,Model_K
1560,Model_K
1561,Model_K
1562,Model_K
1563,Model_K
1564,Model_K
1565,Model_K
1566,Model_K
1567,Model_K
1568,Model_K
1569,Model_K
1570,Model_F
1571,Model_K
1572,Model_K
1573,Model_F
1574,Model_K
1575,Model_K
1576,Model_F
1577,Model_H
1578,Model_K
1579,Model_K
1580,Model_K
1581,Model_K
1582,Model_F
1583,Model_K
1584,Model_F
1585,Model_K
1586,Model_K
1587,Model_F
1588,Model_F
1589,Model_F
1590,Model_F
1591,Model_F
1592,Model_F
1593,Model_K
1594,Model_K
1595,Model_K
1596,Model_K
1597,Model_K
1598,Model_K
1599,Model_K
1600,Model_F
1601,Model_F
1602,Model_K
1603,Model_F
1604,Model_K
1605,Model_B
1606,Model_F
1607,Model_H
1608,Model_F
1609,Model_K
1610,Model_K
1611,Model_F
1612,Model_F
1613,Model_K
1614,Model_F
1615,Model_F
1616,Model_H
1617,Model_K
1618,Model_H
1619,Model_K
1620,Model_F
1621,Model_K
1622,Model_K
1623,Model_K
1624,Model_F
1625,Model_K
1626,Model_H
1627,Model_H
1628,Model_K
1629,Model_K
1630,Model_H
1631,Model_B
1632,Model_F
1633,Model_K
1634,Model_F
1635,Model_F
1636,Model_H
1637,Model_F
1638,Model_K
1639,Model_K
1640,Model_K
1641,Model_H
1642,Model_K
1643,Model_F
1644,Model_K
1645,Model_F
1646,Model_K
1647,Model_K
1648,Model_K
1649,Model_K
1650,Model_F
1651,Model_K
1652,Model_F
1653,Model_K
1654,Model_F
1655,Model_F
1656,Model_F
1657,Model_H
1658,Model_F
1659,Model_K
1660,Model_K
1661,Model_K
1662,Model_F
1663,Model_K
1664,Model_K
1665,Model_F
1666,Model_K
1667,Model_H
1668,Model_H
1669,Model_K
1670,Model_K
1671,Model_F
1672,Model_H
1673,Model_H
1674,Model_K
1675,Model_K
1676,Model_F
1677,Model_K
1678,Model_K
1679,Model_K
1680,Model_K
1681,Model_F
1682,Model_F
1683,Model_K
1684,Model_F
1685,Model_F
1686,Model_K
1687,Model_J
1688,Model_F
1689,Model_K
1690,Model_F
1691,Model_K
1692,Model_K
1693,Model_K
1694,Model_K
1695,Model_K
1696,Model_K
1697,Model_K
1698,Model_H
1699,Model_F
1700,Model_K
1701,Model_K
1702,Model_F
1703,Model_F
1704,Model_F
1705,Model_K
1706,Model_K
1707,Model_F
1708,Model_F
1709,Model_K
1710,Model_H
1711,Model_F
1712,Model_K
1713,Model_K
1714,Model_K
1715,Model_K
1716,Model_K
1717,Model_K
1718,Model_H
1719,Model_K
1720,Model_K
1721,Model_K
1722,Model_F
1723,Model_K
1724,Model_F
1725,Model_H
1726,Model_K
1727,Model_F
1728,Model_H
1729,Model_K
1730,Model_H
1731,Model_K
1732,Model_F
1733,Model_F
1734,Model_F
1735,Model_K
1736,Model_K
1737,Model_K
1738,Model_K
1739,Model_K
1740,Model_K
1741,Model_K
1742,Model_K
1743,Model_F
1744,Model_F
1745,Model_F
1746,Model_K
1747,Model_H
1748,Model_F
1749,Model_K
1750,Model_F
1751,Model_K
1752,Model_K
1753,Model_K
1754,Model_K
1755,Model_H
1756,Model_K
1757,Model_H
1758,Model_K
1759,Model_F
1760,Model_K
1761,Model_K
1762,Model_K
1763,Model_K
1764,Model_K
1765,Model_K
1766,Model_K
1767,Model_K
1768,Model_K
1769,Model_K
1770,Model_K
1771,Model_F
1772,Model_K
1773,Model_F
1774,Model_H
1775,Model_K
1776,Model_J
1777,Model_K
1778,Model_F
1779,Model_F
1780,Model_F
1781,Model_K
1782,Model_H
1783,Model_F
1784,Model_F
1785,Model_K
1786,Model_F
1787,Model_F
1788,Model_K
1789,Model_K
1790,Model_K
1791,Model_K
1792,Model_F
1793,Model_F
1794,Model_F
1795,Model_K
1796,Model_H
1797,Model_F
1798,Model_K
1799,Model_H
1800,Model_K
1801,Model_K
1802,Model_K
1803,Model_K
1804,Model_F
1805,Model_K
1806,Model_K
1807,Model_F
1808,Model_K
1809,Model_K
1810,Model_H
1811,Model_H
1812,Model_K
1813,Model_K
1814,Model_K
1815,Model_K
1816,Model_K
1817,Model_F
1818,Model_K
1819,Model_K
1820,Model_K
1821,Model_F
1822,Model_H
1823,Model_K
1824,Model_K
1825,Model_H
1826,Model_F
1827,Model_K
1828,Model_K
1829,Model_F
1830,Model_H
1831,Model_D
1832,Model_K
1833,Model_K
1834,Model_K
1835,Model_K
1836,Model_K
1837,Model_K
1838,Model_K
1839,Model_K
1840,Model_K
1841,Model_F
1842,Model_K
1843,Model_F
1844,Model_K
1845,Model_F
1846,Model_K
1847,Model_K
1848,Model_H
1849,Model_K
1850,Model_H
1851,Model_K
1852,Model_K
1853,Model_K
1854,Model_F
1855,Model_F
1856,Model_K
1857,Model_F
1858,Model_K
1859,Model_H
1860,Model_K
1861,Model_K
1862,Model_K
1863,Model_K
1864,Model_H
1865,Model_F
1866,Model_K
1867,Model_K
1868,Model_K
1869,Model_F
1870,Model_K
1871,Model_K
1872,Model_K
1873,Model_K
1874,Model_K
1875,Model_K
1876,Model_F
1877,Model_F
1878,Model_K
1879,Model_F
1880,Model_K
1881,Model_K
1882,Model_F
1883,Model_K
1884,Model_K
1885,Model_F
1886,Model_K
1887,Model_H
1888,Model_K
1889,Model_K
1890,Model_K
1891,Model_F
1892,Model_K
1893,Model_F
1894,Model_K
1895,Model_K
1896,Model_H
1897,Model_K
1898,Model_K
1899,Model_K
1900,Model_K
1901,Model_F
1902,Model_K
1903,Model_F
1904,Model_K
1905,Model_K
1906,Model_F
1907,Model_H
1908,Model_F
1909,Model_K
1910,Model_F
1911,Model_F
1912,Model_K
1913,Model_H
1914,Model_K
1915,Model_H
1916,Model_F
1917,Model_F
1918,Model_K
1919,Model_K
1920,Model_F
1921,Model_F
1922,Model_F
1923,Model_K
1924,Model_F
1925,Model_C
1926,Model_K
1927,Model_K
1928,Model_F
1929,Model_K
1930,Model_F
1931,Model_K
1932,Model_K
1933,Model_F
1934,Model_H
1935,Model_H
1936,Model_F
1937,Model_K
1938,Model_K
1939,Model_F
1940,Model_K
1941,Model_K
1942,Model_F
1943,Model_F
1944,Model_F
1945,Model_F
1946,Model_F
1947,Model_K
1948,Model_F
1949,Model_K
1950,Model_K
1951,Model_K
1952,Model_H
1953,Model_H
1954,Model_F
1955,Model_F
1956,Model_H
1957,Model_F
1958,Model_K
1959,Model_K
1960,Model_F
1961,Model_K
1962,Model_K
1963,Model_K
1964,Model_K
1965,Model_F
1966,Model_F
1967,Model_K
1968,Model_F
1969,Model_K
1970,Model_K
1971,Model_K
1972,Model_H
1973,Model_K
1974,Model_H
1975,Model_H
1976,Model_F
1977,Model_F
1978,Model_F
1979,Model_K
1980,Model_F
1981,Model_F
1982,Model_K
1983,Model_F
1984,Model_F
1985,Model_K
1986,Model_H
1987,Model_F
1988,Model_K
1989,Model_K
1990,Model_F
1991,Model_F
1992,Model_H
1993,Model_F
1994,Model_K
1995,Model_F
1996,Model_H
1997,Model_H
1998,Model_K
1999,Model_F
2000,Model_K
2001,Model_H
2002,Model_F
2003,Model_F
2004,Model_F
2005,Model_K
2006,Model_K
2007,Model_H
2008,Model_K
2009,Model_H
2010,Model_F
2011,Model_K
2012,Model_F
2013,Model_K
2014,Model_F
2015,Model_K
2016,Model_K
2017,Model_K
2018,Model_H
2019,Model_K
2020,Model_F
2021,Model_K
2022,Model_F
2023,Model_K
2024,Model_K
2025,Model_H
2026,Model_H
2027,Model_K
2028,Model_K
2029,Model_K
2030,Model_K
2031,Model_F
2032,Model_K
2033,Model_K
2034,Model_K
2035,Model_K
2036,Model_K
2037,Model_K
2038,Model_H
2039,Model_K
2040,Model_K
2041,Model_K
2042,Model_H
2043,Model_F
2044,Model_F
2045,Model_K
2046,Model_K
2047,Model_K
2048,Model_K
2049,Model_H
2050,Model_K
2051,Model_K
2052,Model_F
2053,Model_K
2054,Model_K
2055,Model_K
2056,Model_K
2057,Model_F
2058,Model_K
2059,Model_F
2060,Model_K
2061,Model_F
2062,Model_K
2063,Model_K
2064,Model_H
2065,Model_F
2066,Model_F
2067,Model_F
2068,Model_F
2069,Model_H
2070,Model_K
2071,Model_K
2072,Model_F
2073,Model_F
2074,Model_K
2075,Model_F
2076,Model_F
2077,Model_K
2078,Model_F
2079,Model_H
2080,Model_F
2081,Model_F
2082,Model_F
2083,Model_K
2084,Model_F
2085,Model_K
2086,Model_F
2087,Model_K
2088,Model_K
2089,Model_F
2090,Model_K
2091,Model_H
2092,Model_F
2093,Model_F
2094,Model_H
2095,Model_F
2096,Model_H
2097,Model_K
2098,Model_H
2099,Model_K
2100,Model_F
2101,Model_F
2102,Model_F
2103,Model_K
2104,Model_K
2105,Model_K
2106,Model_H
2107,Model_K
2108,Model_K
2109,Model_F
2110,Model_F
2111,Model_K
2112,Model_K
2113,Model_K
2114,Model_K
2115,Model_F
2116,Model_F
2117,Model_F
2118,Model_K
2119,Model_F
2120,Model_K
2121,Model_K
2122,Model_F
2123,Model_K
2124,Model_K
2125,Model_K
2126,Model_K
2127,Model_H
2128,Model_F
2129,Model_K
2130,Model_K
2131,Model_K
2132,Model_K
2133,Model_K
2134,Model_K
2135,Model_K
2136,Model_K
2137,Model_K
2138,Model_F
2139,Model_H
2140,Model_K
2141,Model_F
2142,Model_K
2143,Model_K
2144,Model_F
2145,Model_F
2146,Model_K
2147,Model_K
2148,Model_K
2149,Model_K
2150,Model_K
2151,Model_K
2152,Model_K
2153,Model_K
2154,Model_F
2155,Model_K
2156,Model_F
2157,Model_K
2158,Model_F
2159,Model_K
2160,Model_K
2161,Model_H
2162,Model_K
2163,Model_H
2164,Model_F
2165,Model_K
2166,Model_F
2167,Model_F
2168,Model_K
2169,Model_F
2170,Model_K
2171,Model_F
2172,Model_K
2173,Model_F
2174,Model_K
2175,Model_F
2176,Model_H
2177,Model_F
2178,Model_F
2179,Model_K
2180,Model_F
2181,Model_H
2182,Model_K
2183,Model_K
2184,Model_K
2185,Model_H
2186,Model_F
2187,Model_K
2188,Model_F
2189,Model_K
2190,Model_H
2191,Model_K
2192,Model_F
2193,Model_F
2194,Model_H
2195,Model_F
2196,Model_K
2197,Model_H
2198,Model_F
2199,Model_K
2200,Model_K
2201,Model_F
2202,Model_F
2203,Model_F
2204,Model_F
2205,Model_F
2206,Model_K
2207,Model_F
2208,Model_K
2209,Model_K
2210,Model_K
2211,Model_K
2212,Model_K
2213,Model_K
2214,Model_F
2215,Model_F
2216,Model_F
2217,Model_K
2218,Model_K
2219,Model_F
2220,Model_K
2221,Model_K
2222,Model_F
2223,Model_K
2224,Model_F
2225,Model_K
2226,Model_K
2227,Model_K
2228,Model_K
2229,Model_K
2230,Model_K
2231,Model_K
2232,Model_F
2233,Model_F
2234,Model_F
2235,Model_H
2236,Model_F
2237,Model_K
2238,Model_K
2239,Model_F
2240,Model_K
2241,Model_H
2242,Model_K
2243,Model_F
2244,Model_F
2245,Model_K
2246,Model_K
2247,Model_K
2248,Model_K
2249,Model_K
2250,Model_H
2251,Model_K
2252,Model_F
2253,Model_F
2254,Model_K
2255,Model_K
2256,Model_F
2257,Model_F
2258,Model_K
2259,Model_H
2260,Model_K
2261,Model_F
2262,Model_K
2263,Model_K
2264,Model_K
2265,Model_K
2266,Model_F
2267,Model_K
2268,Model_K
2269,Model_K
2270,Model_H
2271,Model_F
2272,Model_H
2273,Model_F
2274,Model_K
2275,Model_K
2276,Model_F
2277,Model_K
2278,Model_K
2279,Model_F
2280,Model_F
2281,Model_F
2282,Model_K
2283,Model_K
2284,Model_F
2285,Model_K
2286,Model_F
2287,Model_H
2288,Model_K
2289,Model_K
2290,Model_K
2291,Model_F
2292,Model_H
2293,Model_F
2294,Model_H
2295,Model_K
2296,Model_K
2297,Model_K
2298,Model_F
2299,Model_K
2300,Model_F
2301,Model_F
2302,Model_H
2303,Model_K
2304,Model_K
2305,Model_K
2306,Model_F
2307,Model_K
2308,Model_K
2309,Model_F
2310,Model_K
2311,Model_H
2312,Model_F
2313,Model_F
2314,Model_K
2315,Model_K
2316,Model_H
2317,Model_K
2318,Model_K
2319,Model_H
2320,Model_K
2321,Model_F
2322,Model_K
2323,Model_K
2324,Model_K
2325,Model_K
2326,Model_K
2327,Model_K
2328,Model_F
2329,Model_F
2330,Model_H
2331,Model_K
2332,Model_F
2333,Model_F
2334,Model_K
2335,Model_K
2336,Model_H
2337,Model_F
2338,Model_F
2339,Model_F
2340,Model_F
2341,Model_K
2342,Model_K
2343,Model_H
2344,Model_K
2345,Model_F
2346,Model_K
2347,Model_K
2348,Model_K
2349,Model_F
2350,Model_K
2351,Model_H
2352,Model_K
2353,Model_F
2354,Model_K
2355,Model_K
2356,Model_K
2357,Model_K
2358,Model_F
2359,Model_K
2360,Model_K
2361,Model_K
2362,Model_F
2363,Model_K
2364,Model_K
2365,Model_H
2366,Model_F
2367,Model_F
2368,Model_K
2369,Model_K
2370,Model_H
2371,Model_F
2372,Model_F
2373,Model_H
2374,Model_K
2375,Model_K
2376,Model_F
2377,Model_K
2378,Model_K
2379,Model_K
2380,Model_F
2381,Model_K
2382,Model_F
2383,Model_F
2384,Model_K
2385,Model_K
2386,Model_F
2387,Model_F
2388,Model_F
2389,Model_K
2390,Model_K
2391,Model_F
2392,Model_K
2393,Model_K
2394,Model_K
2395,Model_K
2396,Model_F
2397,Model_F
2398,Model_F
2399,Model_H
2400,Model_F
2401,Model_K
2402,Model_F
2403,Model_F
2404,Model_K
2405,Model_K
2406,Model_F
2407,Model_K
2408,Model_F
2409,Model_K
2410,Model_K
2411,Model_K
2412,Model_H
2413,Model_F
2414,Model_F
2415,Model_K
2416,Model_K
2417,Model_B
2418,Model_B
2419,Model_C
2420,Model_A
2421,Model_A
2422,Model_C
2423,Model_D
2424,Model_K
2425,Model_D
2426,Model_B
2427,Model_D
2428,Model_B
2429,Model_K
2430,Model_C
2431,Model_B
2432,Model_D
2433,Model_D
2434,Model_D
2435,Model_B
2436,Model_B
2437,Model_B
2438,Model_J
2439,Model_A
2440,Model_J
2441,Model_D
2442,Model_A
2443,Model_K
2444,Model_D
2445,Model_K
2446,Model_B
2447,Model_D
2448,Model_B
2449,Model_B
2450,Model_G
2451,Model_E
2452,Model_B
2453,Model_D
2454,Model_C
2455,Model_G
2456,Model_D
2457,Model_C
2458,Model_B
2459,Model_K
2460,Model_A
2461,Model_D
2462,Model_B
2463,Model_B
2464,Model_A
2465,Model_C
2466,Model_D
2467,Model_C
2468,Model_B
2469,Model_B
2470,Model_C
2471,Model_C
2472,Model_B
2473,Model_B
2474,Model_J
2475,Model_J
2476,Model_D
2477,Model_D
2478,Model_A
2479,Model_D
2480,Model_B
2481,Model_K
2482,Model_J
2483,Model_C
2484,Model_D
2485,Model_D
2486,Model_D
2487,Model_B
2488,Model_K
2489,Model_C
2490,Model_D
2491,Model_C
2492,Model_B
2493,Model_B
2494,Model_J
2495,Model_B
2496,Model_K
2497,Model_J
2498,Model_C
2499,Model_B
2500,Model_C
2501,Model_B
2502,Model_D
2503,Model_A
2504,Model_D
2505,Model_D
2506,Model_B
2507,Model_A
2508,Model_D
2509,Model_C
2510,Model_J
2511,Model_K
2512,Model_D
2513,Model_D
2514,Model_D
2515,Model_C
2516,Model_C
2517,Model_D
2518,Model_D
2519,Model_G
2520,Model_D
2521,Model_G
2522,Model_G
2523,Model_D
2524,Model_D
2525,Model_D
2526,Model_D
2527,Model_K
2528,Model_D
2529,Model_D
2530,Model_G
2531,Model_G
2532,Model_D
2533,Model_D
2534,Model_D
2535,Model_D
2536,Model_G
2537,Model_D
2538,Model_D
2539,Model_K
2540,Model_D
2541,Model_D
2542,Model_D
2543,Model_K
2544,Model_D
2545,Model_D
2546,Model_G
2547,Model_G
2548,Model_D
2549,Model_D
2550,Model_D
